{"cameraMode":{"drawMode":0,"name":"Shaded","section":"Shading Mode"},"sceneLighting":false,"audioPlay":false,"sceneViewState":{"showFog":true,"showMaterialUpdate":false,"showSkybox":false,"showFlares":true,"showImageEffects":true,"showParticleSystems":true},"in2DMode":false,"pivot":{"x":-0.003142237663269043,"y":0.8540971279144287,"z":0.0},"rotation":{"x":0.06662630289793015,"y":0.9308927655220032,"z":-0.21630315482616425,"w":0.2867368161678314},"size":4.303162574768066,"orthographic":false}